<?xml version="1.0" encoding="UTF-8"?>
<beans xmlns="http://www.springframework.org/schema/beans"
		xmlns:xsi="http://www.w3.org/2001/XMLSchema-instance"
		xsi:schemaLocation="http://www.springframework.org/schema/beans
							http://www.springframework.org/schema/beans/spring-beans.xsd">
	<!-- define a simple service bean -->
	<bean id="service" class="samples.jmx.basic.MessageService"/>

	<!-- define an MBeanExporter -->
	<bean id="mbeanExporter" class="org.springframework.jmx.export.MBeanExporter">
		<!-- the beans to be exported to JMX -->
		<property name="beans">
			<map>
				<entry key="springsource:service=messageService">
					<ref bean="service"/>
				</entry>
            </map>
		</property>
    </bean>

</beans>
