<?xml version='1.0' encoding='UTF-8'?>
<?artifactRepository version='1.1.0'?>
<artifacts size='1'>
  <artifact classifier='osgi.bundle' id='com.springsource.training.workspace.builder' version='1.0.6.201407291258'>
    <properties size='5'>
      <property name='artifact.size' value='45326'/>
      <property name='download.size' value='45326'/>
      <property name='maven-groupId' value='com.springsource.training.tools'/>
      <property name='maven-artifactId' value='com.springsource.training.workspace.builder'/>
      <property name='maven-version' value='1.0.6-SNAPSHOT'/>
    </properties>
  </artifact>
</artifacts>
