<?xml version='1.0' encoding='UTF-8'?>
<units size='1'>
  <unit id='com.springsource.training.workspace.builder' version='1.0.6.201407291258'>
    <update id='com.springsource.training.workspace.builder' range='[0.0.0,1.0.6.201407291258)' severity='0'/>
    <properties size='5'>
      <property name='org.eclipse.equinox.p2.name' value='WorkspaceBuilder'/>
      <property name='org.eclipse.equinox.p2.provider' value='Pivotal'/>
      <property name='maven-groupId' value='com.springsource.training.tools'/>
      <property name='maven-artifactId' value='com.springsource.training.workspace.builder'/>
      <property name='maven-version' value='1.0.6-SNAPSHOT'/>
    </properties>
    <provides size='8'>
      <provided namespace='org.eclipse.equinox.p2.iu' name='com.springsource.training.workspace.builder' version='1.0.6.201407291258'/>
      <provided namespace='osgi.bundle' name='com.springsource.training.workspace.builder' version='1.0.6.201407291258'/>
      <provided namespace='java.package' name='com.springsource.training.start' version='0.0.0'/>
      <provided namespace='java.package' name='com.springsource.training.workspace' version='0.0.0'/>
      <provided namespace='java.package' name='com.springsource.training.workspace.perspectives' version='0.0.0'/>
      <provided namespace='java.package' name='com.springsource.training.workspace.preferences' version='0.0.0'/>
      <provided namespace='java.package' name='com.springsource.training.workspace.wizards' version='0.0.0'/>
      <provided namespace='org.eclipse.equinox.p2.eclipse.type' name='bundle' version='1.0.0'/>
    </provides>
    <requires size='19'>
      <required namespace='osgi.bundle' name='org.eclipse.ui' range='0.0.0'/>
      <required namespace='osgi.bundle' name='org.eclipse.core.runtime' range='0.0.0'/>
      <required namespace='osgi.bundle' name='org.eclipse.m2e.core' range='0.0.0'/>
      <required namespace='osgi.bundle' name='org.eclipse.jdt.ui' range='0.0.0'/>
      <required namespace='osgi.bundle' name='org.eclipse.core.resources' range='0.0.0'/>
      <required namespace='osgi.bundle' name='org.eclipse.jdt.launching' range='0.0.0'/>
      <required namespace='osgi.bundle' name='org.eclipse.debug.core' range='0.0.0'/>
      <required namespace='osgi.bundle' name='org.eclipse.debug.ui' range='0.0.0'/>
      <required namespace='osgi.bundle' name='org.eclipse.wst.sse.core' range='0.0.0'/>
      <required namespace='osgi.bundle' name='org.eclipse.wst.sse.ui' range='0.0.0'/>
      <required namespace='osgi.bundle' name='org.eclipse.ui.ide' range='0.0.0'/>
      <required namespace='osgi.bundle' name='org.eclipse.search' range='0.0.0'/>
      <required namespace='osgi.bundle' name='org.eclipse.ui.console' range='0.0.0'/>
      <required namespace='osgi.bundle' name='org.eclipse.ui.workbench.texteditor' range='0.0.0'/>
      <required namespace='osgi.bundle' name='org.junit' range='0.0.0'/>
      <required namespace='osgi.bundle' name='org.springframework.ide.eclipse.wizard' range='0.0.0'/>
      <required namespace='osgi.bundle' name='org.springsource.ide.eclipse.commons.frameworks.core' range='0.0.0'/>
      <required namespace='osgi.bundle' name='org.springsource.ide.eclipse.commons.livexp' range='0.0.0'/>
      <required namespace='osgi.bundle' name='org.eclipse.m2e.core.ui' range='0.0.0'/>
    </requires>
    <artifacts size='1'>
      <artifact classifier='osgi.bundle' id='com.springsource.training.workspace.builder' version='1.0.6.201407291258'/>
    </artifacts>
    <touchpoint id='org.eclipse.equinox.p2.osgi' version='1.0.0'/>
    <touchpointData size='1'>
      <instructions size='1'>
        <instruction key='manifest'>
          Bundle-SymbolicName: com.springsource.training.workspace.builder;singleton:=true&#xA;Bundle-Version: 1.0.6.201407291258&#xA;
        </instruction>
      </instructions>
    </touchpointData>
  </unit>
</units>
