<?xml version="1.0" encoding="UTF-8"?>
<metadata modelVersion="1.1.0">
  <groupId>com.springsource.training.tools</groupId>
  <artifactId>com.springsource.training.workspace.builder</artifactId>
  <version>1.0.6-SNAPSHOT</version>
  <versioning>
    <snapshot>
      <localCopy>true</localCopy>
    </snapshot>
    <lastUpdated>20140729125850</lastUpdated>
    <snapshotVersions>
      <snapshotVersion>
        <classifier>p2artifacts</classifier>
        <extension>xml</extension>
        <value>1.0.6-SNAPSHOT</value>
        <updated>20140729125850</updated>
      </snapshotVersion>
      <snapshotVersion>
        <classifier>p2metadata</classifier>
        <extension>xml</extension>
        <value>1.0.6-SNAPSHOT</value>
        <updated>20140729125850</updated>
      </snapshotVersion>
      <snapshotVersion>
        <extension>jar</extension>
        <value>1.0.6-SNAPSHOT</value>
        <updated>20140729125850</updated>
      </snapshotVersion>
      <snapshotVersion>
        <extension>pom</extension>
        <value>1.0.6-SNAPSHOT</value>
        <updated>20140729125850</updated>
      </snapshotVersion>
    </snapshotVersions>
  </versioning>
</metadata>
