<?xml version="1.0" encoding="UTF-8"?>
<beans xmlns="http://www.springframework.org/schema/beans"
    xmlns:xsi="http://www.w3.org/2001/XMLSchema-instance"
    xmlns:tx="http://www.springframework.org/schema/tx"
    xmlns:context="http://www.springframework.org/schema/context"
    xsi:schemaLocation="http://www.springframework.org/schema/beans
              http://www.springframework.org/schema/beans/spring-beans.xsd
              http://www.springframework.org/schema/tx
              http://www.springframework.org/schema/tx/spring-tx.xsd
              http://www.springframework.org/schema/context
              http://www.springframework.org/schema/context/spring-context.xsd">

	<!-- Configuration for the rewards application.  Beans here define the heart of the application logic. -->
	
	<context:annotation-config/>	

	<!-- Instructs the container to look for beans with @Transactional and decorate them -->
	<tx:annotation-driven transaction-manager="transactionManager"/>

	<!-- Rewards accounts for dining: the application entry-point --> 
	<bean id="rewardNetwork" class="rewards.internal.RewardNetworkImpl">
		<constructor-arg ref="accountRepository"/>
		<constructor-arg ref="restaurantRepository"/>
		<constructor-arg ref="rewardRepository"/>
	</bean>

	<!-- Loads accounts from the data source -->
	<bean id="accountRepository" class="rewards.internal.account.HibernateAccountRepository">
		<constructor-arg ref="sessionFactory"/>
	</bean>

	<!-- Loads restaurants from the data source -->
	<bean id="restaurantRepository" class="rewards.internal.restaurant.HibernateRestaurantRepository">
		<constructor-arg ref="sessionFactory"/>
	</bean>

	<!-- Records reward confirmation records in the data source -->
	<bean id="rewardRepository" class="rewards.internal.reward.JdbcRewardRepository">
		<property name="dataSource" ref="dataSource"/>
	</bean>

</beans>
