<?xml version="1.0" encoding="UTF-8"?>
<metadata modelVersion="1.1.0">
  <groupId>com.springsource.training.core-spring</groupId>
  <artifactId>parentCoreSpringProject</artifactId>
  <version>4.0.0.CI-SNAPSHOT</version>
  <versioning>
    <snapshot>
      <localCopy>true</localCopy>
    </snapshot>
    <lastUpdated>20140817134942</lastUpdated>
    <snapshotVersions>
      <snapshotVersion>
        <extension>pom</extension>
        <value>4.0.0.CI-SNAPSHOT</value>
        <updated>20140817134942</updated>
      </snapshotVersion>
    </snapshotVersions>
  </versioning>
</metadata>
