<?xml version="1.0" encoding="UTF-8"?>
<beans xmlns="http://www.springframework.org/schema/beans"
		xmlns:xsi="http://www.w3.org/2001/XMLSchema-instance"
		xmlns:util="http://www.springframework.org/schema/util"
		xsi:schemaLocation="http://www.springframework.org/schema/beans
							http://www.springframework.org/schema/beans/spring-beans.xsd
							http://www.springframework.org/schema/util
							http://www.springframework.org/schema/util/spring-util.xsd">

	<bean id="mBeanServer" class="org.springframework.jmx.support.MBeanServerFactoryBean">
		<property name="locateExistingServerIfPossible" value="true"/>
	</bean>
	
	<bean id="messageService" class="consumption.MessageService"/>
	
	<bean class="org.springframework.jmx.export.MBeanExporter">
		<property name="server" ref="mBeanServer"/>
		<property name="beans">
			<util:map>
				<entry key="service:name=messageService" value-ref="messageService"/>
			</util:map>
		</property>
	</bean>
	
	<bean id="messageServiceClient" class="org.springframework.jmx.access.MBeanProxyFactoryBean">
		<property name="proxyInterface" value="consumption.MessageCapable"/>
		<property name="server" ref="mBeanServer"/>
		<property name="objectName" value="service:name=messageService"/>
	</bean>

</beans>
